{
  "platform": "vectorbt_free",
  "trade_count": 0,
  "total_pnl": 0,
  "win_rate": 0.0,
  "metrics": {
    "total_return": 3.7335700057983394,
    "sharpe_ratio": 1.5138655799491,
    "max_drawdown": 4.186795187841639,
    "win_rate": 50.0,
    "total_trades": "3"
  },
  "config": {
    "initial_capital": 100000,
    "commission": 0.001,
    "slippage": 0.0
  },
  "execution_time": 0.27072620391845703
}